{"fid1":{"R":1,"C":19,"X":64.110016999843737,"Y":19.684985992343744},"fid2":{"R":8,"C":1,"X":19.241403999843726,"Y":1.9891789923437422}}